study_name,job_hash,dataset,model,training_variant,evaluation_variant,evaluation_tier,seed,epochs,scenario,attack,dimension,scope,samples,members,nonmembers,suppressed,threshold,threshold_source,auc_roc,auc_ci_low,auc_ci_high,auc_pr,tpr_at_0_1_fpr,tpr_at_1_fpr,tpr_at_5_fpr,fpr_at_90_tpr,fpr_at_95_tpr,fpr_at_99_tpr,accuracy,balanced_accuracy,majority_class_accuracy,precision,recall,f1,mcc,attack_advantage,brier,ece,mean_loss,perplexity,pld_auc_roc,macro_auc_roc,worst_group_auc_roc,max_pairwise_gap,disparity_ratio
pilot_training_exposure_pan17,b0d14342438f4ed6,pan17_multilingual,qwen3_4b,balanced,balanced_audit,audit,29,2,finetuning,loss,all,all,400,200,200,False,-3.1121324,calibration,0.539,0.484724,0.597708,0.516895,0.0,0.01,0.035,0.85,0.89,0.93,0.5075,0.5075,0.5,0.520548,0.19,0.278388,0.019417,0.078,0.314202,0.220602,3.466857,38.097438,,,,,
pilot_training_exposure_pan17,b0d14342438f4ed6,pan17_multilingual,qwen3_4b,balanced,balanced_audit,audit,29,2,finetuning,loss,gender,G0,200,100,100,False,-3.07696039,calibration,0.5171,0.428527,0.580982,0.51506,0.02,0.02,0.03,0.88,0.89,0.91,0.5,0.5,0.5,0.5,0.2,0.285714,0.0,0.0342,0.325578,0.231206,3.444322,38.161321,,,,,
pilot_training_exposure_pan17,b0d14342438f4ed6,pan17_multilingual,qwen3_4b,balanced,balanced_audit,audit,29,2,finetuning,loss,gender,G1,200,100,100,False,-3.1121324,calibration,0.5642,0.47166,0.636598,0.535135,0.0,0.0,0.03,0.8,0.83,0.95,0.515,0.515,0.5,0.545455,0.18,0.270677,0.040412,0.1284,0.30191,0.241206,3.489393,38.033555,,,,,
pilot_training_exposure_pan17,b0d14342438f4ed6,pan17_multilingual,qwen3_4b,balanced,balanced_audit,audit,29,2,finetuning,loss,language,ar,100,50,50,False,-1.78040338,calibration,0.5808,0.469722,0.720392,0.548644,0.0,0.0,0.06,0.8,0.84,0.94,0.49,0.49,0.5,0.461538,0.12,0.190476,-0.029735,0.1616,0.294209,0.212323,3.281226,38.203225,,,,,
pilot_training_exposure_pan17,b0d14342438f4ed6,pan17_multilingual,qwen3_4b,balanced,balanced_audit,audit,29,2,finetuning,loss,language,en,100,50,50,False,-3.59316475,calibration,0.5704,0.46,0.689935,0.548738,0.02,0.02,0.04,0.78,0.82,0.9,0.55,0.55,0.5,0.560976,0.46,0.505495,0.10166,0.1408,0.299461,0.202424,3.690566,43.910537,,,,,
pilot_training_exposure_pan17,b0d14342438f4ed6,pan17_multilingual,qwen3_4b,balanced,balanced_audit,audit,29,2,finetuning,loss,language,es,100,50,50,False,-3.10713541,calibration,0.4964,0.395425,0.598765,0.520711,0.0,0.0,0.02,0.94,0.96,0.98,0.56,0.56,0.5,0.65,0.26,0.371429,0.15,-0.0072,0.336835,0.302222,3.456451,34.707618,,,,,
pilot_training_exposure_pan17,b0d14342438f4ed6,pan17_multilingual,qwen3_4b,balanced,balanced_audit,audit,29,2,finetuning,loss,language,pt,100,50,50,False,-3.22159965,calibration,0.5184,0.408195,0.66087,0.495817,0.0,0.0,0.02,0.9,0.96,0.98,0.46,0.46,0.5,0.416667,0.2,0.27027,-0.093659,0.0368,0.325724,0.241818,3.439186,35.568369,,,,,
pilot_training_exposure_pan17,b0d14342438f4ed6,pan17_multilingual,qwen3_4b,balanced,balanced_audit,audit,29,2,finetuning,loss,variety,argentina,16,8,8,True,,,,,,,,,,,,,,,,,,,,,,,,,,,,,
pilot_training_exposure_pan17,b0d14342438f4ed6,pan17_multilingual,qwen3_4b,balanced,balanced_audit,audit,29,2,finetuning,loss,variety,australia,16,6,10,True,,,,,,,,,,,,,,,,,,,,,,,,,,,,,
pilot_training_exposure_pan17,b0d14342438f4ed6,pan17_multilingual,qwen3_4b,balanced,balanced_audit,audit,29,2,finetuning,loss,variety,brazil,56,29,27,True,,,,,,,,,,,,,,,,,,,,,,,,,,,,,
pilot_training_exposure_pan17,b0d14342438f4ed6,pan17_multilingual,qwen3_4b,balanced,balanced_audit,audit,29,2,finetuning,loss,variety,canada,20,10,10,True,,,,,,,,,,,,,,,,,,,,,,,,,,,,,
pilot_training_exposure_pan17,b0d14342438f4ed6,pan17_multilingual,qwen3_4b,balanced,balanced_audit,audit,29,2,finetuning,loss,variety,chile,16,6,10,True,,,,,,,,,,,,,,,,,,,,,,,,,,,,,
pilot_training_exposure_pan17,b0d14342438f4ed6,pan17_multilingual,qwen3_4b,balanced,balanced_audit,audit,29,2,finetuning,loss,variety,colombia,10,8,2,True,,,,,,,,,,,,,,,,,,,,,,,,,,,,,
pilot_training_exposure_pan17,b0d14342438f4ed6,pan17_multilingual,qwen3_4b,balanced,balanced_audit,audit,29,2,finetuning,loss,variety,egypt,26,11,15,True,,,,,,,,,,,,,,,,,,,,,,,,,,,,,
pilot_training_exposure_pan17,b0d14342438f4ed6,pan17_multilingual,qwen3_4b,balanced,balanced_audit,audit,29,2,finetuning,loss,variety,great britain,23,8,15,True,,,,,,,,,,,,,,,,,,,,,,,,,,,,,
pilot_training_exposure_pan17,b0d14342438f4ed6,pan17_multilingual,qwen3_4b,balanced,balanced_audit,audit,29,2,finetuning,loss,variety,gulf,28,14,14,True,,,,,,,,,,,,,,,,,,,,,,,,,,,,,
pilot_training_exposure_pan17,b0d14342438f4ed6,pan17_multilingual,qwen3_4b,balanced,balanced_audit,audit,29,2,finetuning,loss,variety,ireland,17,13,4,True,,,,,,,,,,,,,,,,,,,,,,,,,,,,,
pilot_training_exposure_pan17,b0d14342438f4ed6,pan17_multilingual,qwen3_4b,balanced,balanced_audit,audit,29,2,finetuning,loss,variety,levantine,25,12,13,True,,,,,,,,,,,,,,,,,,,,,,,,,,,,,
pilot_training_exposure_pan17,b0d14342438f4ed6,pan17_multilingual,qwen3_4b,balanced,balanced_audit,audit,29,2,finetuning,loss,variety,maghrebi,21,13,8,True,,,,,,,,,,,,,,,,,,,,,,,,,,,,,
pilot_training_exposure_pan17,b0d14342438f4ed6,pan17_multilingual,qwen3_4b,balanced,balanced_audit,audit,29,2,finetuning,loss,variety,mexico,16,8,8,True,,,,,,,,,,,,,,,,,,,,,,,,,,,,,
pilot_training_exposure_pan17,b0d14342438f4ed6,pan17_multilingual,qwen3_4b,balanced,balanced_audit,audit,29,2,finetuning,loss,variety,new zealand,15,10,5,True,,,,,,,,,,,,,,,,,,,,,,,,,,,,,
pilot_training_exposure_pan17,b0d14342438f4ed6,pan17_multilingual,qwen3_4b,balanced,balanced_audit,audit,29,2,finetuning,loss,variety,peru,14,9,5,True,,,,,,,,,,,,,,,,,,,,,,,,,,,,,
pilot_training_exposure_pan17,b0d14342438f4ed6,pan17_multilingual,qwen3_4b,balanced,balanced_audit,audit,29,2,finetuning,loss,variety,portugal,44,21,23,True,,,,,,,,,,,,,,,,,,,,,,,,,,,,,
pilot_training_exposure_pan17,b0d14342438f4ed6,pan17_multilingual,qwen3_4b,balanced,balanced_audit,audit,29,2,finetuning,loss,variety,spain,21,7,14,True,,,,,,,,,,,,,,,,,,,,,,,,,,,,,
pilot_training_exposure_pan17,b0d14342438f4ed6,pan17_multilingual,qwen3_4b,balanced,balanced_audit,audit,29,2,finetuning,loss,variety,united states,9,3,6,True,,,,,,,,,,,,,,,,,,,,,,,,,,,,,
pilot_training_exposure_pan17,b0d14342438f4ed6,pan17_multilingual,qwen3_4b,balanced,balanced_audit,audit,29,2,finetuning,loss,variety,venezuela,7,4,3,True,,,,,,,,,,,,,,,,,,,,,,,,,,,,,
pilot_training_exposure_pan17,b0d14342438f4ed6,pan17_multilingual,qwen3_4b,balanced,balanced_audit,audit,29,2,finetuning,loss,gender_language,G0|ar,50,25,25,True,,,,,,,,,,,,,,,,,,,,,,,,,,,,,
pilot_training_exposure_pan17,b0d14342438f4ed6,pan17_multilingual,qwen3_4b,balanced,balanced_audit,audit,29,2,finetuning,loss,gender_language,G0|en,50,25,25,True,,,,,,,,,,,,,,,,,,,,,,,,,,,,,
pilot_training_exposure_pan17,b0d14342438f4ed6,pan17_multilingual,qwen3_4b,balanced,balanced_audit,audit,29,2,finetuning,loss,gender_language,G0|es,50,25,25,True,,,,,,,,,,,,,,,,,,,,,,,,,,,,,
pilot_training_exposure_pan17,b0d14342438f4ed6,pan17_multilingual,qwen3_4b,balanced,balanced_audit,audit,29,2,finetuning,loss,gender_language,G0|pt,50,25,25,True,,,,,,,,,,,,,,,,,,,,,,,,,,,,,
pilot_training_exposure_pan17,b0d14342438f4ed6,pan17_multilingual,qwen3_4b,balanced,balanced_audit,audit,29,2,finetuning,loss,gender_language,G1|ar,50,25,25,True,,,,,,,,,,,,,,,,,,,,,,,,,,,,,
pilot_training_exposure_pan17,b0d14342438f4ed6,pan17_multilingual,qwen3_4b,balanced,balanced_audit,audit,29,2,finetuning,loss,gender_language,G1|en,50,25,25,True,,,,,,,,,,,,,,,,,,,,,,,,,,,,,
pilot_training_exposure_pan17,b0d14342438f4ed6,pan17_multilingual,qwen3_4b,balanced,balanced_audit,audit,29,2,finetuning,loss,gender_language,G1|es,50,25,25,True,,,,,,,,,,,,,,,,,,,,,,,,,,,,,
pilot_training_exposure_pan17,b0d14342438f4ed6,pan17_multilingual,qwen3_4b,balanced,balanced_audit,audit,29,2,finetuning,loss,gender_language,G1|pt,50,25,25,True,,,,,,,,,,,,,,,,,,,,,,,,,,,,,
pilot_training_exposure_pan17,b0d14342438f4ed6,pan17_multilingual,qwen3_4b,balanced,balanced_audit,audit,29,2,finetuning,loss,language_summary,summary:language,0,0,0,False,,,,,,,,,,,,,,,,,,,,,,,,,,0.5415,0.4964,0.0844,0.854683
pilot_training_exposure_pan17,b0d14342438f4ed6,pan17_multilingual,qwen3_4b,balanced,balanced_audit,audit,29,2,finetuning,loss,gender_gap,gap:G0-G1,0,0,0,False,,,,,,,,,,,,,,,,,,,,,,,,,0.0471,0.54065,0.5171,0.0471,0.916519
pilot_training_exposure_pan17,b0d14342438f4ed6,pan17_multilingual,qwen3_4b,balanced,balanced_audit,audit,29,2,finetuning,min_k,all,all,400,200,200,False,-8.20833333,calibration,0.513525,0.463701,0.568382,0.513294,0.0,0.015,0.03,0.9,0.925,0.965,0.49,0.49,0.5,0.488235,0.415,0.448649,-0.020229,0.02705,0.327059,0.255627,3.466857,38.097438,,,,,
pilot_training_exposure_pan17,b0d14342438f4ed6,pan17_multilingual,qwen3_4b,balanced,balanced_audit,audit,29,2,finetuning,min_k,gender,G0,200,100,100,False,-8.45404412,calibration,0.4922,0.394637,0.559552,0.518135,0.02,0.02,0.04,0.97,0.98,0.99,0.515,0.515,0.5,0.513043,0.59,0.548837,0.030343,-0.0156,0.338191,0.241256,3.444322,38.161321,,,,,
pilot_training_exposure_pan17,b0d14342438f4ed6,pan17_multilingual,qwen3_4b,balanced,balanced_audit,audit,29,2,finetuning,min_k,gender,G1,200,100,100,False,-7.9932598,calibration,0.5315,0.462547,0.598352,0.517108,0.0,0.0,0.02,0.82,0.84,0.9,0.51,0.51,0.5,0.516129,0.32,0.395062,0.021622,0.063,0.318442,0.271256,3.489393,38.033555,,,,,
pilot_training_exposure_pan17,b0d14342438f4ed6,pan17_multilingual,qwen3_4b,balanced,balanced_audit,audit,29,2,finetuning,min_k,language,ar,100,50,50,False,-5.72610294,calibration,0.5324,0.444217,0.655556,0.522608,0.0,0.0,0.08,0.74,0.82,1.0,0.5,0.5,0.5,0.5,0.08,0.137931,0.0,0.0648,0.318653,0.272525,3.281226,38.203225,,,,,
pilot_training_exposure_pan17,b0d14342438f4ed6,pan17_multilingual,qwen3_4b,balanced,balanced_audit,audit,29,2,finetuning,min_k,language,en,100,50,50,False,-8.21752451,calibration,0.481,0.371337,0.596899,0.481889,0.02,0.02,0.02,0.78,0.8,0.98,0.41,0.41,0.5,0.263158,0.1,0.144928,-0.229416,-0.038,0.344714,0.291717,3.690566,43.910537,,,,,
pilot_training_exposure_pan17,b0d14342438f4ed6,pan17_multilingual,qwen3_4b,balanced,balanced_audit,audit,29,2,finetuning,min_k,language,es,100,50,50,False,-8.19914216,calibration,0.534,0.432598,0.631373,0.601424,0.12,0.12,0.12,0.96,0.98,1.0,0.52,0.52,0.5,0.525,0.42,0.466667,0.040825,0.068,0.317845,0.241818,3.456451,34.707618,,,,,
pilot_training_exposure_pan17,b0d14342438f4ed6,pan17_multilingual,qwen3_4b,balanced,balanced_audit,audit,29,2,finetuning,min_k,language,pt,100,50,50,False,-7.52205882,calibration,0.5124,0.400385,0.658588,0.513824,0.0,0.0,0.0,0.86,0.88,0.94,0.52,0.52,0.5,0.571429,0.16,0.25,0.057639,0.0248,0.328754,0.292525,3.439186,35.568369,,,,,
pilot_training_exposure_pan17,b0d14342438f4ed6,pan17_multilingual,qwen3_4b,balanced,balanced_audit,audit,29,2,finetuning,min_k,variety,argentina,16,8,8,True,,,,,,,,,,,,,,,,,,,,,,,,,,,,,
pilot_training_exposure_pan17,b0d14342438f4ed6,pan17_multilingual,qwen3_4b,balanced,balanced_audit,audit,29,2,finetuning,min_k,variety,australia,16,6,10,True,,,,,,,,,,,,,,,,,,,,,,,,,,,,,
pilot_training_exposure_pan17,b0d14342438f4ed6,pan17_multilingual,qwen3_4b,balanced,balanced_audit,audit,29,2,finetuning,min_k,variety,brazil,56,29,27,True,,,,,,,,,,,,,,,,,,,,,,,,,,,,,
pilot_training_exposure_pan17,b0d14342438f4ed6,pan17_multilingual,qwen3_4b,balanced,balanced_audit,audit,29,2,finetuning,min_k,variety,canada,20,10,10,True,,,,,,,,,,,,,,,,,,,,,,,,,,,,,
pilot_training_exposure_pan17,b0d14342438f4ed6,pan17_multilingual,qwen3_4b,balanced,balanced_audit,audit,29,2,finetuning,min_k,variety,chile,16,6,10,True,,,,,,,,,,,,,,,,,,,,,,,,,,,,,
pilot_training_exposure_pan17,b0d14342438f4ed6,pan17_multilingual,qwen3_4b,balanced,balanced_audit,audit,29,2,finetuning,min_k,variety,colombia,10,8,2,True,,,,,,,,,,,,,,,,,,,,,,,,,,,,,
pilot_training_exposure_pan17,b0d14342438f4ed6,pan17_multilingual,qwen3_4b,balanced,balanced_audit,audit,29,2,finetuning,min_k,variety,egypt,26,11,15,True,,,,,,,,,,,,,,,,,,,,,,,,,,,,,
pilot_training_exposure_pan17,b0d14342438f4ed6,pan17_multilingual,qwen3_4b,balanced,balanced_audit,audit,29,2,finetuning,min_k,variety,great britain,23,8,15,True,,,,,,,,,,,,,,,,,,,,,,,,,,,,,
pilot_training_exposure_pan17,b0d14342438f4ed6,pan17_multilingual,qwen3_4b,balanced,balanced_audit,audit,29,2,finetuning,min_k,variety,gulf,28,14,14,True,,,,,,,,,,,,,,,,,,,,,,,,,,,,,
pilot_training_exposure_pan17,b0d14342438f4ed6,pan17_multilingual,qwen3_4b,balanced,balanced_audit,audit,29,2,finetuning,min_k,variety,ireland,17,13,4,True,,,,,,,,,,,,,,,,,,,,,,,,,,,,,
pilot_training_exposure_pan17,b0d14342438f4ed6,pan17_multilingual,qwen3_4b,balanced,balanced_audit,audit,29,2,finetuning,min_k,variety,levantine,25,12,13,True,,,,,,,,,,,,,,,,,,,,,,,,,,,,,
pilot_training_exposure_pan17,b0d14342438f4ed6,pan17_multilingual,qwen3_4b,balanced,balanced_audit,audit,29,2,finetuning,min_k,variety,maghrebi,21,13,8,True,,,,,,,,,,,,,,,,,,,,,,,,,,,,,
pilot_training_exposure_pan17,b0d14342438f4ed6,pan17_multilingual,qwen3_4b,balanced,balanced_audit,audit,29,2,finetuning,min_k,variety,mexico,16,8,8,True,,,,,,,,,,,,,,,,,,,,,,,,,,,,,
pilot_training_exposure_pan17,b0d14342438f4ed6,pan17_multilingual,qwen3_4b,balanced,balanced_audit,audit,29,2,finetuning,min_k,variety,new zealand,15,10,5,True,,,,,,,,,,,,,,,,,,,,,,,,,,,,,
pilot_training_exposure_pan17,b0d14342438f4ed6,pan17_multilingual,qwen3_4b,balanced,balanced_audit,audit,29,2,finetuning,min_k,variety,peru,14,9,5,True,,,,,,,,,,,,,,,,,,,,,,,,,,,,,
pilot_training_exposure_pan17,b0d14342438f4ed6,pan17_multilingual,qwen3_4b,balanced,balanced_audit,audit,29,2,finetuning,min_k,variety,portugal,44,21,23,True,,,,,,,,,,,,,,,,,,,,,,,,,,,,,
pilot_training_exposure_pan17,b0d14342438f4ed6,pan17_multilingual,qwen3_4b,balanced,balanced_audit,audit,29,2,finetuning,min_k,variety,spain,21,7,14,True,,,,,,,,,,,,,,,,,,,,,,,,,,,,,
pilot_training_exposure_pan17,b0d14342438f4ed6,pan17_multilingual,qwen3_4b,balanced,balanced_audit,audit,29,2,finetuning,min_k,variety,united states,9,3,6,True,,,,,,,,,,,,,,,,,,,,,,,,,,,,,
pilot_training_exposure_pan17,b0d14342438f4ed6,pan17_multilingual,qwen3_4b,balanced,balanced_audit,audit,29,2,finetuning,min_k,variety,venezuela,7,4,3,True,,,,,,,,,,,,,,,,,,,,,,,,,,,,,
pilot_training_exposure_pan17,b0d14342438f4ed6,pan17_multilingual,qwen3_4b,balanced,balanced_audit,audit,29,2,finetuning,min_k,gender_language,G0|ar,50,25,25,True,,,,,,,,,,,,,,,,,,,,,,,,,,,,,
pilot_training_exposure_pan17,b0d14342438f4ed6,pan17_multilingual,qwen3_4b,balanced,balanced_audit,audit,29,2,finetuning,min_k,gender_language,G0|en,50,25,25,True,,,,,,,,,,,,,,,,,,,,,,,,,,,,,
pilot_training_exposure_pan17,b0d14342438f4ed6,pan17_multilingual,qwen3_4b,balanced,balanced_audit,audit,29,2,finetuning,min_k,gender_language,G0|es,50,25,25,True,,,,,,,,,,,,,,,,,,,,,,,,,,,,,
pilot_training_exposure_pan17,b0d14342438f4ed6,pan17_multilingual,qwen3_4b,balanced,balanced_audit,audit,29,2,finetuning,min_k,gender_language,G0|pt,50,25,25,True,,,,,,,,,,,,,,,,,,,,,,,,,,,,,
pilot_training_exposure_pan17,b0d14342438f4ed6,pan17_multilingual,qwen3_4b,balanced,balanced_audit,audit,29,2,finetuning,min_k,gender_language,G1|ar,50,25,25,True,,,,,,,,,,,,,,,,,,,,,,,,,,,,,
pilot_training_exposure_pan17,b0d14342438f4ed6,pan17_multilingual,qwen3_4b,balanced,balanced_audit,audit,29,2,finetuning,min_k,gender_language,G1|en,50,25,25,True,,,,,,,,,,,,,,,,,,,,,,,,,,,,,
pilot_training_exposure_pan17,b0d14342438f4ed6,pan17_multilingual,qwen3_4b,balanced,balanced_audit,audit,29,2,finetuning,min_k,gender_language,G1|es,50,25,25,True,,,,,,,,,,,,,,,,,,,,,,,,,,,,,
pilot_training_exposure_pan17,b0d14342438f4ed6,pan17_multilingual,qwen3_4b,balanced,balanced_audit,audit,29,2,finetuning,min_k,gender_language,G1|pt,50,25,25,True,,,,,,,,,,,,,,,,,,,,,,,,,,,,,
pilot_training_exposure_pan17,b0d14342438f4ed6,pan17_multilingual,qwen3_4b,balanced,balanced_audit,audit,29,2,finetuning,min_k,language_summary,summary:language,0,0,0,False,,,,,,,,,,,,,,,,,,,,,,,,,,0.51495,0.481,0.053,0.900749
pilot_training_exposure_pan17,b0d14342438f4ed6,pan17_multilingual,qwen3_4b,balanced,balanced_audit,audit,29,2,finetuning,min_k,gender_gap,gap:G0-G1,0,0,0,False,,,,,,,,,,,,,,,,,,,,,,,,,0.0393,0.51185,0.4922,0.0393,0.926058
pilot_training_exposure_pan17,b0d14342438f4ed6,pan17_multilingual,qwen3_4b,balanced,balanced_audit,audit,29,2,finetuning,reference,all,all,400,200,200,False,0.191343,calibration,0.535875,0.479634,0.594818,0.533123,0.005,0.03,0.06,0.845,0.94,0.98,0.5075,0.5075,0.5,0.588235,0.05,0.092166,0.037179,0.07175,0.315769,0.240602,3.466857,38.097438,,,,,
pilot_training_exposure_pan17,b0d14342438f4ed6,pan17_multilingual,qwen3_4b,balanced,balanced_audit,audit,29,2,finetuning,reference,gender,G0,200,100,100,False,0.14240777,calibration,0.5443,0.455724,0.603243,0.561859,0.04,0.05,0.09,0.84,0.92,0.98,0.505,0.505,0.5,0.517241,0.15,0.232558,0.0142,0.0886,0.31191,0.261206,3.444322,38.161321,,,,,
pilot_training_exposure_pan17,b0d14342438f4ed6,pan17_multilingual,qwen3_4b,balanced,balanced_audit,audit,29,2,finetuning,reference,gender,G1,200,100,100,False,0.11186404,calibration,0.5266,0.439278,0.609359,0.516431,0.0,0.01,0.03,0.87,0.94,0.99,0.505,0.505,0.5,0.510638,0.24,0.326531,0.011792,0.0532,0.320804,0.231256,3.489393,38.033555,,,,,
pilot_training_exposure_pan17,b0d14342438f4ed6,pan17_multilingual,qwen3_4b,balanced,balanced_audit,audit,29,2,finetuning,reference,language,ar,100,50,50,False,0.0309315,calibration,0.4588,0.353306,0.554321,0.511652,0.02,0.02,0.08,0.92,0.98,0.98,0.47,0.47,0.5,0.478873,0.68,0.561983,-0.066114,-0.0824,0.355825,0.332525,3.281226,38.203225,,,,,
pilot_training_exposure_pan17,b0d14342438f4ed6,pan17_multilingual,qwen3_4b,balanced,balanced_audit,audit,29,2,finetuning,reference,language,en,100,50,50,False,0.07209231,calibration,0.5532,0.442268,0.655,0.574199,0.02,0.02,0.1,0.86,0.92,0.94,0.55,0.55,0.5,0.553191,0.52,0.536082,0.10018,0.1064,0.308148,0.242424,3.690566,43.910537,,,,,
pilot_training_exposure_pan17,b0d14342438f4ed6,pan17_multilingual,qwen3_4b,balanced,balanced_audit,audit,29,2,finetuning,reference,language,es,100,50,50,False,0.15181048,calibration,0.6236,0.546311,0.727235,0.606105,0.04,0.04,0.1,0.8,0.82,0.82,0.53,0.53,0.5,0.615385,0.16,0.253968,0.089205,0.2472,0.272593,0.181616,3.456451,34.707618,,,,,
pilot_training_exposure_pan17,b0d14342438f4ed6,pan17_multilingual,qwen3_4b,balanced,balanced_audit,audit,29,2,finetuning,reference,language,pt,100,50,50,False,0.12860082,calibration,0.5036,0.371429,0.57417,0.509234,0.02,0.02,0.02,0.82,0.86,0.96,0.49,0.49,0.5,0.473684,0.18,0.26087,-0.025491,0.0072,0.333199,0.272323,3.439186,35.568369,,,,,
pilot_training_exposure_pan17,b0d14342438f4ed6,pan17_multilingual,qwen3_4b,balanced,balanced_audit,audit,29,2,finetuning,reference,variety,argentina,16,8,8,True,,,,,,,,,,,,,,,,,,,,,,,,,,,,,
pilot_training_exposure_pan17,b0d14342438f4ed6,pan17_multilingual,qwen3_4b,balanced,balanced_audit,audit,29,2,finetuning,reference,variety,australia,16,6,10,True,,,,,,,,,,,,,,,,,,,,,,,,,,,,,
pilot_training_exposure_pan17,b0d14342438f4ed6,pan17_multilingual,qwen3_4b,balanced,balanced_audit,audit,29,2,finetuning,reference,variety,brazil,56,29,27,True,,,,,,,,,,,,,,,,,,,,,,,,,,,,,
pilot_training_exposure_pan17,b0d14342438f4ed6,pan17_multilingual,qwen3_4b,balanced,balanced_audit,audit,29,2,finetuning,reference,variety,canada,20,10,10,True,,,,,,,,,,,,,,,,,,,,,,,,,,,,,
pilot_training_exposure_pan17,b0d14342438f4ed6,pan17_multilingual,qwen3_4b,balanced,balanced_audit,audit,29,2,finetuning,reference,variety,chile,16,6,10,True,,,,,,,,,,,,,,,,,,,,,,,,,,,,,
pilot_training_exposure_pan17,b0d14342438f4ed6,pan17_multilingual,qwen3_4b,balanced,balanced_audit,audit,29,2,finetuning,reference,variety,colombia,10,8,2,True,,,,,,,,,,,,,,,,,,,,,,,,,,,,,
pilot_training_exposure_pan17,b0d14342438f4ed6,pan17_multilingual,qwen3_4b,balanced,balanced_audit,audit,29,2,finetuning,reference,variety,egypt,26,11,15,True,,,,,,,,,,,,,,,,,,,,,,,,,,,,,
pilot_training_exposure_pan17,b0d14342438f4ed6,pan17_multilingual,qwen3_4b,balanced,balanced_audit,audit,29,2,finetuning,reference,variety,great britain,23,8,15,True,,,,,,,,,,,,,,,,,,,,,,,,,,,,,
pilot_training_exposure_pan17,b0d14342438f4ed6,pan17_multilingual,qwen3_4b,balanced,balanced_audit,audit,29,2,finetuning,reference,variety,gulf,28,14,14,True,,,,,,,,,,,,,,,,,,,,,,,,,,,,,
pilot_training_exposure_pan17,b0d14342438f4ed6,pan17_multilingual,qwen3_4b,balanced,balanced_audit,audit,29,2,finetuning,reference,variety,ireland,17,13,4,True,,,,,,,,,,,,,,,,,,,,,,,,,,,,,
pilot_training_exposure_pan17,b0d14342438f4ed6,pan17_multilingual,qwen3_4b,balanced,balanced_audit,audit,29,2,finetuning,reference,variety,levantine,25,12,13,True,,,,,,,,,,,,,,,,,,,,,,,,,,,,,
pilot_training_exposure_pan17,b0d14342438f4ed6,pan17_multilingual,qwen3_4b,balanced,balanced_audit,audit,29,2,finetuning,reference,variety,maghrebi,21,13,8,True,,,,,,,,,,,,,,,,,,,,,,,,,,,,,
pilot_training_exposure_pan17,b0d14342438f4ed6,pan17_multilingual,qwen3_4b,balanced,balanced_audit,audit,29,2,finetuning,reference,variety,mexico,16,8,8,True,,,,,,,,,,,,,,,,,,,,,,,,,,,,,
pilot_training_exposure_pan17,b0d14342438f4ed6,pan17_multilingual,qwen3_4b,balanced,balanced_audit,audit,29,2,finetuning,reference,variety,new zealand,15,10,5,True,,,,,,,,,,,,,,,,,,,,,,,,,,,,,
pilot_training_exposure_pan17,b0d14342438f4ed6,pan17_multilingual,qwen3_4b,balanced,balanced_audit,audit,29,2,finetuning,reference,variety,peru,14,9,5,True,,,,,,,,,,,,,,,,,,,,,,,,,,,,,
pilot_training_exposure_pan17,b0d14342438f4ed6,pan17_multilingual,qwen3_4b,balanced,balanced_audit,audit,29,2,finetuning,reference,variety,portugal,44,21,23,True,,,,,,,,,,,,,,,,,,,,,,,,,,,,,
pilot_training_exposure_pan17,b0d14342438f4ed6,pan17_multilingual,qwen3_4b,balanced,balanced_audit,audit,29,2,finetuning,reference,variety,spain,21,7,14,True,,,,,,,,,,,,,,,,,,,,,,,,,,,,,
pilot_training_exposure_pan17,b0d14342438f4ed6,pan17_multilingual,qwen3_4b,balanced,balanced_audit,audit,29,2,finetuning,reference,variety,united states,9,3,6,True,,,,,,,,,,,,,,,,,,,,,,,,,,,,,
pilot_training_exposure_pan17,b0d14342438f4ed6,pan17_multilingual,qwen3_4b,balanced,balanced_audit,audit,29,2,finetuning,reference,variety,venezuela,7,4,3,True,,,,,,,,,,,,,,,,,,,,,,,,,,,,,
pilot_training_exposure_pan17,b0d14342438f4ed6,pan17_multilingual,qwen3_4b,balanced,balanced_audit,audit,29,2,finetuning,reference,gender_language,G0|ar,50,25,25,True,,,,,,,,,,,,,,,,,,,,,,,,,,,,,
pilot_training_exposure_pan17,b0d14342438f4ed6,pan17_multilingual,qwen3_4b,balanced,balanced_audit,audit,29,2,finetuning,reference,gender_language,G0|en,50,25,25,True,,,,,,,,,,,,,,,,,,,,,,,,,,,,,
pilot_training_exposure_pan17,b0d14342438f4ed6,pan17_multilingual,qwen3_4b,balanced,balanced_audit,audit,29,2,finetuning,reference,gender_language,G0|es,50,25,25,True,,,,,,,,,,,,,,,,,,,,,,,,,,,,,
pilot_training_exposure_pan17,b0d14342438f4ed6,pan17_multilingual,qwen3_4b,balanced,balanced_audit,audit,29,2,finetuning,reference,gender_language,G0|pt,50,25,25,True,,,,,,,,,,,,,,,,,,,,,,,,,,,,,
pilot_training_exposure_pan17,b0d14342438f4ed6,pan17_multilingual,qwen3_4b,balanced,balanced_audit,audit,29,2,finetuning,reference,gender_language,G1|ar,50,25,25,True,,,,,,,,,,,,,,,,,,,,,,,,,,,,,
pilot_training_exposure_pan17,b0d14342438f4ed6,pan17_multilingual,qwen3_4b,balanced,balanced_audit,audit,29,2,finetuning,reference,gender_language,G1|en,50,25,25,True,,,,,,,,,,,,,,,,,,,,,,,,,,,,,
pilot_training_exposure_pan17,b0d14342438f4ed6,pan17_multilingual,qwen3_4b,balanced,balanced_audit,audit,29,2,finetuning,reference,gender_language,G1|es,50,25,25,True,,,,,,,,,,,,,,,,,,,,,,,,,,,,,
pilot_training_exposure_pan17,b0d14342438f4ed6,pan17_multilingual,qwen3_4b,balanced,balanced_audit,audit,29,2,finetuning,reference,gender_language,G1|pt,50,25,25,True,,,,,,,,,,,,,,,,,,,,,,,,,,,,,
pilot_training_exposure_pan17,b0d14342438f4ed6,pan17_multilingual,qwen3_4b,balanced,balanced_audit,audit,29,2,finetuning,reference,language_summary,summary:language,0,0,0,False,,,,,,,,,,,,,,,,,,,,,,,,,,0.5348,0.4588,0.1648,0.735728
pilot_training_exposure_pan17,b0d14342438f4ed6,pan17_multilingual,qwen3_4b,balanced,balanced_audit,audit,29,2,finetuning,reference,gender_gap,gap:G0-G1,0,0,0,False,,,,,,,,,,,,,,,,,,,,,,,,,0.0177,0.53545,0.5266,0.0177,0.967481
pilot_training_exposure_pan17,b0d14342438f4ed6,pan17_multilingual,qwen3_4b,balanced,balanced_audit,audit,29,2,finetuning,zlib,all,all,400,200,200,False,-0.00437413,calibration,0.537375,0.483966,0.595177,0.529407,0.0,0.015,0.03,0.875,0.935,0.965,0.5,0.5,0.5,0.5,0.03,0.056604,0.0,0.07475,0.315017,0.235627,3.466857,38.097438,,,,,
pilot_training_exposure_pan17,b0d14342438f4ed6,pan17_multilingual,qwen3_4b,balanced,balanced_audit,audit,29,2,finetuning,zlib,gender,G0,200,100,100,False,-0.00604181,calibration,0.551,0.449768,0.644995,0.543823,0.02,0.02,0.08,0.87,0.89,0.97,0.505,0.505,0.5,0.521739,0.12,0.195122,0.015673,0.102,0.308543,0.221206,3.444322,38.161321,,,,,
pilot_training_exposure_pan17,b0d14342438f4ed6,pan17_multilingual,qwen3_4b,balanced,balanced_audit,audit,29,2,finetuning,zlib,gender,G1,200,100,100,False,-0.00218592,calibration,0.5278,0.457732,0.598695,0.530908,0.0,0.0,0.02,0.91,0.94,0.99,0.495,0.495,0.5,0.0,0.0,0.0,-0.070888,0.0556,0.320201,0.241206,3.489393,38.033555,,,,,
pilot_training_exposure_pan17,b0d14342438f4ed6,pan17_multilingual,qwen3_4b,balanced,balanced_audit,audit,29,2,finetuning,zlib,language,ar,100,50,50,False,-0.00773412,calibration,0.5704,0.454118,0.699362,0.542329,0.0,0.0,0.06,0.82,0.9,0.94,0.58,0.58,0.5,0.560606,0.74,0.637931,0.16888,0.1408,0.299461,0.242222,3.281226,38.203225,,,,,
pilot_training_exposure_pan17,b0d14342438f4ed6,pan17_multilingual,qwen3_4b,balanced,balanced_audit,audit,29,2,finetuning,zlib,language,en,100,50,50,False,-0.0055131,calibration,0.55,0.399356,0.642045,0.540214,0.0,0.0,0.02,0.82,0.96,0.98,0.5,0.5,0.5,0.0,0.0,0.0,0.0,0.1,0.309764,0.242424,3.690566,43.910537,,,,,
pilot_training_exposure_pan17,b0d14342438f4ed6,pan17_multilingual,qwen3_4b,balanced,balanced_audit,audit,29,2,finetuning,zlib,language,es,100,50,50,False,-0.00537567,calibration,0.5504,0.436648,0.630652,0.593868,0.06,0.06,0.12,0.86,0.92,0.96,0.5,0.5,0.5,0.0,0.0,0.0,0.0,0.1008,0.309562,0.232525,3.456451,34.707618,,,,,
pilot_training_exposure_pan17,b0d14342438f4ed6,pan17_multilingual,qwen3_4b,balanced,balanced_audit,audit,29,2,finetuning,zlib,language,pt,100,50,50,False,-0.00619601,calibration,0.4684,0.355248,0.566008,0.490134,0.0,0.0,0.02,0.94,0.96,1.0,0.5,0.5,0.5,0.5,0.08,0.137931,0.0,-0.0632,0.350976,0.332323,3.439186,35.568369,,,,,
pilot_training_exposure_pan17,b0d14342438f4ed6,pan17_multilingual,qwen3_4b,balanced,balanced_audit,audit,29,2,finetuning,zlib,variety,argentina,16,8,8,True,,,,,,,,,,,,,,,,,,,,,,,,,,,,,
pilot_training_exposure_pan17,b0d14342438f4ed6,pan17_multilingual,qwen3_4b,balanced,balanced_audit,audit,29,2,finetuning,zlib,variety,australia,16,6,10,True,,,,,,,,,,,,,,,,,,,,,,,,,,,,,
pilot_training_exposure_pan17,b0d14342438f4ed6,pan17_multilingual,qwen3_4b,balanced,balanced_audit,audit,29,2,finetuning,zlib,variety,brazil,56,29,27,True,,,,,,,,,,,,,,,,,,,,,,,,,,,,,
pilot_training_exposure_pan17,b0d14342438f4ed6,pan17_multilingual,qwen3_4b,balanced,balanced_audit,audit,29,2,finetuning,zlib,variety,canada,20,10,10,True,,,,,,,,,,,,,,,,,,,,,,,,,,,,,
pilot_training_exposure_pan17,b0d14342438f4ed6,pan17_multilingual,qwen3_4b,balanced,balanced_audit,audit,29,2,finetuning,zlib,variety,chile,16,6,10,True,,,,,,,,,,,,,,,,,,,,,,,,,,,,,
pilot_training_exposure_pan17,b0d14342438f4ed6,pan17_multilingual,qwen3_4b,balanced,balanced_audit,audit,29,2,finetuning,zlib,variety,colombia,10,8,2,True,,,,,,,,,,,,,,,,,,,,,,,,,,,,,
pilot_training_exposure_pan17,b0d14342438f4ed6,pan17_multilingual,qwen3_4b,balanced,balanced_audit,audit,29,2,finetuning,zlib,variety,egypt,26,11,15,True,,,,,,,,,,,,,,,,,,,,,,,,,,,,,
pilot_training_exposure_pan17,b0d14342438f4ed6,pan17_multilingual,qwen3_4b,balanced,balanced_audit,audit,29,2,finetuning,zlib,variety,great britain,23,8,15,True,,,,,,,,,,,,,,,,,,,,,,,,,,,,,
pilot_training_exposure_pan17,b0d14342438f4ed6,pan17_multilingual,qwen3_4b,balanced,balanced_audit,audit,29,2,finetuning,zlib,variety,gulf,28,14,14,True,,,,,,,,,,,,,,,,,,,,,,,,,,,,,
pilot_training_exposure_pan17,b0d14342438f4ed6,pan17_multilingual,qwen3_4b,balanced,balanced_audit,audit,29,2,finetuning,zlib,variety,ireland,17,13,4,True,,,,,,,,,,,,,,,,,,,,,,,,,,,,,
pilot_training_exposure_pan17,b0d14342438f4ed6,pan17_multilingual,qwen3_4b,balanced,balanced_audit,audit,29,2,finetuning,zlib,variety,levantine,25,12,13,True,,,,,,,,,,,,,,,,,,,,,,,,,,,,,
pilot_training_exposure_pan17,b0d14342438f4ed6,pan17_multilingual,qwen3_4b,balanced,balanced_audit,audit,29,2,finetuning,zlib,variety,maghrebi,21,13,8,True,,,,,,,,,,,,,,,,,,,,,,,,,,,,,
pilot_training_exposure_pan17,b0d14342438f4ed6,pan17_multilingual,qwen3_4b,balanced,balanced_audit,audit,29,2,finetuning,zlib,variety,mexico,16,8,8,True,,,,,,,,,,,,,,,,,,,,,,,,,,,,,
pilot_training_exposure_pan17,b0d14342438f4ed6,pan17_multilingual,qwen3_4b,balanced,balanced_audit,audit,29,2,finetuning,zlib,variety,new zealand,15,10,5,True,,,,,,,,,,,,,,,,,,,,,,,,,,,,,
pilot_training_exposure_pan17,b0d14342438f4ed6,pan17_multilingual,qwen3_4b,balanced,balanced_audit,audit,29,2,finetuning,zlib,variety,peru,14,9,5,True,,,,,,,,,,,,,,,,,,,,,,,,,,,,,
pilot_training_exposure_pan17,b0d14342438f4ed6,pan17_multilingual,qwen3_4b,balanced,balanced_audit,audit,29,2,finetuning,zlib,variety,portugal,44,21,23,True,,,,,,,,,,,,,,,,,,,,,,,,,,,,,
pilot_training_exposure_pan17,b0d14342438f4ed6,pan17_multilingual,qwen3_4b,balanced,balanced_audit,audit,29,2,finetuning,zlib,variety,spain,21,7,14,True,,,,,,,,,,,,,,,,,,,,,,,,,,,,,
pilot_training_exposure_pan17,b0d14342438f4ed6,pan17_multilingual,qwen3_4b,balanced,balanced_audit,audit,29,2,finetuning,zlib,variety,united states,9,3,6,True,,,,,,,,,,,,,,,,,,,,,,,,,,,,,
pilot_training_exposure_pan17,b0d14342438f4ed6,pan17_multilingual,qwen3_4b,balanced,balanced_audit,audit,29,2,finetuning,zlib,variety,venezuela,7,4,3,True,,,,,,,,,,,,,,,,,,,,,,,,,,,,,
pilot_training_exposure_pan17,b0d14342438f4ed6,pan17_multilingual,qwen3_4b,balanced,balanced_audit,audit,29,2,finetuning,zlib,gender_language,G0|ar,50,25,25,True,,,,,,,,,,,,,,,,,,,,,,,,,,,,,
pilot_training_exposure_pan17,b0d14342438f4ed6,pan17_multilingual,qwen3_4b,balanced,balanced_audit,audit,29,2,finetuning,zlib,gender_language,G0|en,50,25,25,True,,,,,,,,,,,,,,,,,,,,,,,,,,,,,
pilot_training_exposure_pan17,b0d14342438f4ed6,pan17_multilingual,qwen3_4b,balanced,balanced_audit,audit,29,2,finetuning,zlib,gender_language,G0|es,50,25,25,True,,,,,,,,,,,,,,,,,,,,,,,,,,,,,
pilot_training_exposure_pan17,b0d14342438f4ed6,pan17_multilingual,qwen3_4b,balanced,balanced_audit,audit,29,2,finetuning,zlib,gender_language,G0|pt,50,25,25,True,,,,,,,,,,,,,,,,,,,,,,,,,,,,,
pilot_training_exposure_pan17,b0d14342438f4ed6,pan17_multilingual,qwen3_4b,balanced,balanced_audit,audit,29,2,finetuning,zlib,gender_language,G1|ar,50,25,25,True,,,,,,,,,,,,,,,,,,,,,,,,,,,,,
pilot_training_exposure_pan17,b0d14342438f4ed6,pan17_multilingual,qwen3_4b,balanced,balanced_audit,audit,29,2,finetuning,zlib,gender_language,G1|en,50,25,25,True,,,,,,,,,,,,,,,,,,,,,,,,,,,,,
pilot_training_exposure_pan17,b0d14342438f4ed6,pan17_multilingual,qwen3_4b,balanced,balanced_audit,audit,29,2,finetuning,zlib,gender_language,G1|es,50,25,25,True,,,,,,,,,,,,,,,,,,,,,,,,,,,,,
pilot_training_exposure_pan17,b0d14342438f4ed6,pan17_multilingual,qwen3_4b,balanced,balanced_audit,audit,29,2,finetuning,zlib,gender_language,G1|pt,50,25,25,True,,,,,,,,,,,,,,,,,,,,,,,,,,,,,
pilot_training_exposure_pan17,b0d14342438f4ed6,pan17_multilingual,qwen3_4b,balanced,balanced_audit,audit,29,2,finetuning,zlib,language_summary,summary:language,0,0,0,False,,,,,,,,,,,,,,,,,,,,,,,,,,0.5348,0.4684,0.102,0.821178
pilot_training_exposure_pan17,b0d14342438f4ed6,pan17_multilingual,qwen3_4b,balanced,balanced_audit,audit,29,2,finetuning,zlib,gender_gap,gap:G0-G1,0,0,0,False,,,,,,,,,,,,,,,,,,,,,,,,,0.0232,0.5394,0.5278,0.0232,0.957895
pilot_training_exposure_pan17,e990d27fca627e70,pan17_multilingual,qwen3_4b,balanced,balanced_audit,audit,29,1,finetuning,loss,all,all,400,200,200,False,-3.20920011,calibration,0.537425,0.485185,0.598857,0.512921,0.0,0.005,0.035,0.855,0.885,0.945,0.495,0.495,0.5,0.488095,0.205,0.288732,-0.012276,0.07485,0.314992,0.215627,3.49253,38.871306,,,,,
pilot_training_exposure_pan17,e990d27fca627e70,pan17_multilingual,qwen3_4b,balanced,balanced_audit,audit,29,1,finetuning,loss,gender,G0,200,100,100,False,-3.21584037,calibration,0.5148,0.423195,0.581475,0.505928,0.01,0.01,0.02,0.88,0.89,0.92,0.5,0.5,0.5,0.5,0.23,0.315068,0.0,0.0296,0.326734,0.251055,3.469041,38.894208,,,,,
pilot_training_exposure_pan17,e990d27fca627e70,pan17_multilingual,qwen3_4b,balanced,balanced_audit,audit,29,1,finetuning,loss,gender,G1,200,100,100,False,-3.13583752,calibration,0.563,0.466296,0.635464,0.533439,0.0,0.0,0.03,0.81,0.83,0.94,0.515,0.515,0.5,0.545455,0.18,0.270677,0.040412,0.126,0.302513,0.250955,3.516019,38.848404,,,,,
pilot_training_exposure_pan17,e990d27fca627e70,pan17_multilingual,qwen3_4b,balanced,balanced_audit,audit,29,1,finetuning,loss,language,ar,100,50,50,False,-1.60615765,calibration,0.5768,0.469136,0.713317,0.545508,0.0,0.0,0.06,0.78,0.84,0.94,0.51,0.51,0.5,0.6,0.06,0.109091,0.045883,0.1536,0.296229,0.212323,3.32566,39.125171,,,,,
pilot_training_exposure_pan17,e990d27fca627e70,pan17_multilingual,qwen3_4b,balanced,balanced_audit,audit,29,1,finetuning,loss,language,en,100,50,50,False,-3.56171226,calibration,0.5696,0.456,0.687906,0.549568,0.02,0.02,0.04,0.78,0.8,0.94,0.52,0.52,0.5,0.526316,0.4,0.454545,0.041204,0.1392,0.299865,0.202424,3.706958,44.635836,,,,,
pilot_training_exposure_pan17,e990d27fca627e70,pan17_multilingual,qwen3_4b,balanced,balanced_audit,audit,29,1,finetuning,loss,language,es,100,50,50,False,-3.05758562,calibration,0.492,0.390523,0.587255,0.514091,0.0,0.0,0.0,0.94,0.96,0.98,0.55,0.55,0.5,0.647059,0.22,0.328358,0.133109,-0.016,0.339057,0.291919,3.478172,35.403053,,,,,
pilot_training_exposure_pan17,e990d27fca627e70,pan17_multilingual,qwen3_4b,balanced,balanced_audit,audit,29,1,finetuning,loss,language,pt,100,50,50,False,-3.21480324,calibration,0.5184,0.401752,0.660079,0.494525,0.0,0.0,0.02,0.88,0.96,0.98,0.46,0.46,0.5,0.409091,0.18,0.25,-0.096561,0.0368,0.325724,0.232525,3.45933,36.321164,,,,,
pilot_training_exposure_pan17,e990d27fca627e70,pan17_multilingual,qwen3_4b,balanced,balanced_audit,audit,29,1,finetuning,loss,variety,argentina,16,8,8,True,,,,,,,,,,,,,,,,,,,,,,,,,,,,,
pilot_training_exposure_pan17,e990d27fca627e70,pan17_multilingual,qwen3_4b,balanced,balanced_audit,audit,29,1,finetuning,loss,variety,australia,16,6,10,True,,,,,,,,,,,,,,,,,,,,,,,,,,,,,
pilot_training_exposure_pan17,e990d27fca627e70,pan17_multilingual,qwen3_4b,balanced,balanced_audit,audit,29,1,finetuning,loss,variety,brazil,56,29,27,True,,,,,,,,,,,,,,,,,,,,,,,,,,,,,
pilot_training_exposure_pan17,e990d27fca627e70,pan17_multilingual,qwen3_4b,balanced,balanced_audit,audit,29,1,finetuning,loss,variety,canada,20,10,10,True,,,,,,,,,,,,,,,,,,,,,,,,,,,,,
pilot_training_exposure_pan17,e990d27fca627e70,pan17_multilingual,qwen3_4b,balanced,balanced_audit,audit,29,1,finetuning,loss,variety,chile,16,6,10,True,,,,,,,,,,,,,,,,,,,,,,,,,,,,,
pilot_training_exposure_pan17,e990d27fca627e70,pan17_multilingual,qwen3_4b,balanced,balanced_audit,audit,29,1,finetuning,loss,variety,colombia,10,8,2,True,,,,,,,,,,,,,,,,,,,,,,,,,,,,,
pilot_training_exposure_pan17,e990d27fca627e70,pan17_multilingual,qwen3_4b,balanced,balanced_audit,audit,29,1,finetuning,loss,variety,egypt,26,11,15,True,,,,,,,,,,,,,,,,,,,,,,,,,,,,,
pilot_training_exposure_pan17,e990d27fca627e70,pan17_multilingual,qwen3_4b,balanced,balanced_audit,audit,29,1,finetuning,loss,variety,great britain,23,8,15,True,,,,,,,,,,,,,,,,,,,,,,,,,,,,,
pilot_training_exposure_pan17,e990d27fca627e70,pan17_multilingual,qwen3_4b,balanced,balanced_audit,audit,29,1,finetuning,loss,variety,gulf,28,14,14,True,,,,,,,,,,,,,,,,,,,,,,,,,,,,,
pilot_training_exposure_pan17,e990d27fca627e70,pan17_multilingual,qwen3_4b,balanced,balanced_audit,audit,29,1,finetuning,loss,variety,ireland,17,13,4,True,,,,,,,,,,,,,,,,,,,,,,,,,,,,,
pilot_training_exposure_pan17,e990d27fca627e70,pan17_multilingual,qwen3_4b,balanced,balanced_audit,audit,29,1,finetuning,loss,variety,levantine,25,12,13,True,,,,,,,,,,,,,,,,,,,,,,,,,,,,,
pilot_training_exposure_pan17,e990d27fca627e70,pan17_multilingual,qwen3_4b,balanced,balanced_audit,audit,29,1,finetuning,loss,variety,maghrebi,21,13,8,True,,,,,,,,,,,,,,,,,,,,,,,,,,,,,
pilot_training_exposure_pan17,e990d27fca627e70,pan17_multilingual,qwen3_4b,balanced,balanced_audit,audit,29,1,finetuning,loss,variety,mexico,16,8,8,True,,,,,,,,,,,,,,,,,,,,,,,,,,,,,
pilot_training_exposure_pan17,e990d27fca627e70,pan17_multilingual,qwen3_4b,balanced,balanced_audit,audit,29,1,finetuning,loss,variety,new zealand,15,10,5,True,,,,,,,,,,,,,,,,,,,,,,,,,,,,,
pilot_training_exposure_pan17,e990d27fca627e70,pan17_multilingual,qwen3_4b,balanced,balanced_audit,audit,29,1,finetuning,loss,variety,peru,14,9,5,True,,,,,,,,,,,,,,,,,,,,,,,,,,,,,
pilot_training_exposure_pan17,e990d27fca627e70,pan17_multilingual,qwen3_4b,balanced,balanced_audit,audit,29,1,finetuning,loss,variety,portugal,44,21,23,True,,,,,,,,,,,,,,,,,,,,,,,,,,,,,
pilot_training_exposure_pan17,e990d27fca627e70,pan17_multilingual,qwen3_4b,balanced,balanced_audit,audit,29,1,finetuning,loss,variety,spain,21,7,14,True,,,,,,,,,,,,,,,,,,,,,,,,,,,,,
pilot_training_exposure_pan17,e990d27fca627e70,pan17_multilingual,qwen3_4b,balanced,balanced_audit,audit,29,1,finetuning,loss,variety,united states,9,3,6,True,,,,,,,,,,,,,,,,,,,,,,,,,,,,,
pilot_training_exposure_pan17,e990d27fca627e70,pan17_multilingual,qwen3_4b,balanced,balanced_audit,audit,29,1,finetuning,loss,variety,venezuela,7,4,3,True,,,,,,,,,,,,,,,,,,,,,,,,,,,,,
pilot_training_exposure_pan17,e990d27fca627e70,pan17_multilingual,qwen3_4b,balanced,balanced_audit,audit,29,1,finetuning,loss,gender_language,G0|ar,50,25,25,True,,,,,,,,,,,,,,,,,,,,,,,,,,,,,
pilot_training_exposure_pan17,e990d27fca627e70,pan17_multilingual,qwen3_4b,balanced,balanced_audit,audit,29,1,finetuning,loss,gender_language,G0|en,50,25,25,True,,,,,,,,,,,,,,,,,,,,,,,,,,,,,
pilot_training_exposure_pan17,e990d27fca627e70,pan17_multilingual,qwen3_4b,balanced,balanced_audit,audit,29,1,finetuning,loss,gender_language,G0|es,50,25,25,True,,,,,,,,,,,,,,,,,,,,,,,,,,,,,
pilot_training_exposure_pan17,e990d27fca627e70,pan17_multilingual,qwen3_4b,balanced,balanced_audit,audit,29,1,finetuning,loss,gender_language,G0|pt,50,25,25,True,,,,,,,,,,,,,,,,,,,,,,,,,,,,,
pilot_training_exposure_pan17,e990d27fca627e70,pan17_multilingual,qwen3_4b,balanced,balanced_audit,audit,29,1,finetuning,loss,gender_language,G1|ar,50,25,25,True,,,,,,,,,,,,,,,,,,,,,,,,,,,,,
pilot_training_exposure_pan17,e990d27fca627e70,pan17_multilingual,qwen3_4b,balanced,balanced_audit,audit,29,1,finetuning,loss,gender_language,G1|en,50,25,25,True,,,,,,,,,,,,,,,,,,,,,,,,,,,,,
pilot_training_exposure_pan17,e990d27fca627e70,pan17_multilingual,qwen3_4b,balanced,balanced_audit,audit,29,1,finetuning,loss,gender_language,G1|es,50,25,25,True,,,,,,,,,,,,,,,,,,,,,,,,,,,,,
pilot_training_exposure_pan17,e990d27fca627e70,pan17_multilingual,qwen3_4b,balanced,balanced_audit,audit,29,1,finetuning,loss,gender_language,G1|pt,50,25,25,True,,,,,,,,,,,,,,,,,,,,,,,,,,,,,
pilot_training_exposure_pan17,e990d27fca627e70,pan17_multilingual,qwen3_4b,balanced,balanced_audit,audit,29,1,finetuning,loss,language_summary,summary:language,0,0,0,False,,,,,,,,,,,,,,,,,,,,,,,,,,0.5392,0.492,0.0848,0.852982
pilot_training_exposure_pan17,e990d27fca627e70,pan17_multilingual,qwen3_4b,balanced,balanced_audit,audit,29,1,finetuning,loss,gender_gap,gap:G0-G1,0,0,0,False,,,,,,,,,,,,,,,,,,,,,,,,,0.0482,0.5389,0.5148,0.0482,0.914387
pilot_training_exposure_pan17,e990d27fca627e70,pan17_multilingual,qwen3_4b,balanced,balanced_audit,audit,29,1,finetuning,min_k,all,all,400,200,200,False,-7.97181373,calibration,0.511938,0.466571,0.564455,0.509689,0.0,0.01,0.035,0.915,0.925,0.965,0.5175,0.5175,0.5,0.526316,0.35,0.42042,0.037146,0.023875,0.327861,0.270627,3.49253,38.871306,,,,,
pilot_training_exposure_pan17,e990d27fca627e70,pan17_multilingual,qwen3_4b,balanced,balanced_audit,audit,29,1,finetuning,min_k,gender,G0,200,100,100,False,-8.38112745,calibration,0.4896,0.390689,0.56535,0.510748,0.01,0.02,0.02,0.98,0.98,0.99,0.49,0.49,0.5,0.490385,0.51,0.5,-0.020016,-0.0208,0.339447,0.261256,3.469041,38.894208,,,,,
pilot_training_exposure_pan17,e990d27fca627e70,pan17_multilingual,qwen3_4b,balanced,balanced_audit,audit,29,1,finetuning,min_k,gender,G1,200,100,100,False,-7.95833333,calibration,0.532,0.466737,0.599717,0.517286,0.0,0.0,0.02,0.82,0.86,0.91,0.51,0.51,0.5,0.516667,0.31,0.3875,0.021822,0.064,0.318241,0.281256,3.516019,38.848404,,,,,
pilot_training_exposure_pan17,e990d27fca627e70,pan17_multilingual,qwen3_4b,balanced,balanced_audit,audit,29,1,finetuning,min_k,language,ar,100,50,50,False,-5.91115196,calibration,0.5252,0.438889,0.647034,0.518994,0.0,0.0,0.08,0.76,0.8,1.0,0.51,0.51,0.5,0.571429,0.08,0.140351,0.039193,0.0504,0.32229,0.272525,3.32566,39.125171,,,,,
pilot_training_exposure_pan17,e990d27fca627e70,pan17_multilingual,qwen3_4b,balanced,balanced_audit,audit,29,1,finetuning,min_k,language,en,100,50,50,False,-8.38112745,calibration,0.4812,0.380169,0.590909,0.47936,0.02,0.02,0.02,0.78,0.84,0.96,0.43,0.43,0.5,0.36,0.18,0.24,-0.161658,-0.0376,0.344714,0.302222,3.706958,44.635836,,,,,
pilot_training_exposure_pan17,e990d27fca627e70,pan17_multilingual,qwen3_4b,balanced,balanced_audit,audit,29,1,finetuning,min_k,language,es,100,50,50,False,-8.17830882,calibration,0.5406,0.430271,0.639515,0.604528,0.1,0.1,0.14,0.96,0.98,1.0,0.53,0.53,0.5,0.540541,0.4,0.45977,0.062137,0.0812,0.314613,0.232525,3.478172,35.403053,,,,,
pilot_training_exposure_pan17,e990d27fca627e70,pan17_multilingual,qwen3_4b,balanced,balanced_audit,audit,29,1,finetuning,min_k,language,pt,100,50,50,False,-7.97181373,calibration,0.5158,0.402146,0.658588,0.51288,0.0,0.0,0.0,0.86,0.92,0.94,0.54,0.54,0.5,0.5625,0.36,0.439024,0.085749,0.0316,0.327138,0.292525,3.45933,36.321164,,,,,
pilot_training_exposure_pan17,e990d27fca627e70,pan17_multilingual,qwen3_4b,balanced,balanced_audit,audit,29,1,finetuning,min_k,variety,argentina,16,8,8,True,,,,,,,,,,,,,,,,,,,,,,,,,,,,,
pilot_training_exposure_pan17,e990d27fca627e70,pan17_multilingual,qwen3_4b,balanced,balanced_audit,audit,29,1,finetuning,min_k,variety,australia,16,6,10,True,,,,,,,,,,,,,,,,,,,,,,,,,,,,,
pilot_training_exposure_pan17,e990d27fca627e70,pan17_multilingual,qwen3_4b,balanced,balanced_audit,audit,29,1,finetuning,min_k,variety,brazil,56,29,27,True,,,,,,,,,,,,,,,,,,,,,,,,,,,,,
pilot_training_exposure_pan17,e990d27fca627e70,pan17_multilingual,qwen3_4b,balanced,balanced_audit,audit,29,1,finetuning,min_k,variety,canada,20,10,10,True,,,,,,,,,,,,,,,,,,,,,,,,,,,,,
pilot_training_exposure_pan17,e990d27fca627e70,pan17_multilingual,qwen3_4b,balanced,balanced_audit,audit,29,1,finetuning,min_k,variety,chile,16,6,10,True,,,,,,,,,,,,,,,,,,,,,,,,,,,,,
pilot_training_exposure_pan17,e990d27fca627e70,pan17_multilingual,qwen3_4b,balanced,balanced_audit,audit,29,1,finetuning,min_k,variety,colombia,10,8,2,True,,,,,,,,,,,,,,,,,,,,,,,,,,,,,
pilot_training_exposure_pan17,e990d27fca627e70,pan17_multilingual,qwen3_4b,balanced,balanced_audit,audit,29,1,finetuning,min_k,variety,egypt,26,11,15,True,,,,,,,,,,,,,,,,,,,,,,,,,,,,,
pilot_training_exposure_pan17,e990d27fca627e70,pan17_multilingual,qwen3_4b,balanced,balanced_audit,audit,29,1,finetuning,min_k,variety,great britain,23,8,15,True,,,,,,,,,,,,,,,,,,,,,,,,,,,,,
pilot_training_exposure_pan17,e990d27fca627e70,pan17_multilingual,qwen3_4b,balanced,balanced_audit,audit,29,1,finetuning,min_k,variety,gulf,28,14,14,True,,,,,,,,,,,,,,,,,,,,,,,,,,,,,
pilot_training_exposure_pan17,e990d27fca627e70,pan17_multilingual,qwen3_4b,balanced,balanced_audit,audit,29,1,finetuning,min_k,variety,ireland,17,13,4,True,,,,,,,,,,,,,,,,,,,,,,,,,,,,,
pilot_training_exposure_pan17,e990d27fca627e70,pan17_multilingual,qwen3_4b,balanced,balanced_audit,audit,29,1,finetuning,min_k,variety,levantine,25,12,13,True,,,,,,,,,,,,,,,,,,,,,,,,,,,,,
pilot_training_exposure_pan17,e990d27fca627e70,pan17_multilingual,qwen3_4b,balanced,balanced_audit,audit,29,1,finetuning,min_k,variety,maghrebi,21,13,8,True,,,,,,,,,,,,,,,,,,,,,,,,,,,,,
pilot_training_exposure_pan17,e990d27fca627e70,pan17_multilingual,qwen3_4b,balanced,balanced_audit,audit,29,1,finetuning,min_k,variety,mexico,16,8,8,True,,,,,,,,,,,,,,,,,,,,,,,,,,,,,
pilot_training_exposure_pan17,e990d27fca627e70,pan17_multilingual,qwen3_4b,balanced,balanced_audit,audit,29,1,finetuning,min_k,variety,new zealand,15,10,5,True,,,,,,,,,,,,,,,,,,,,,,,,,,,,,
pilot_training_exposure_pan17,e990d27fca627e70,pan17_multilingual,qwen3_4b,balanced,balanced_audit,audit,29,1,finetuning,min_k,variety,peru,14,9,5,True,,,,,,,,,,,,,,,,,,,,,,,,,,,,,
pilot_training_exposure_pan17,e990d27fca627e70,pan17_multilingual,qwen3_4b,balanced,balanced_audit,audit,29,1,finetuning,min_k,variety,portugal,44,21,23,True,,,,,,,,,,,,,,,,,,,,,,,,,,,,,
pilot_training_exposure_pan17,e990d27fca627e70,pan17_multilingual,qwen3_4b,balanced,balanced_audit,audit,29,1,finetuning,min_k,variety,spain,21,7,14,True,,,,,,,,,,,,,,,,,,,,,,,,,,,,,
pilot_training_exposure_pan17,e990d27fca627e70,pan17_multilingual,qwen3_4b,balanced,balanced_audit,audit,29,1,finetuning,min_k,variety,united states,9,3,6,True,,,,,,,,,,,,,,,,,,,,,,,,,,,,,
pilot_training_exposure_pan17,e990d27fca627e70,pan17_multilingual,qwen3_4b,balanced,balanced_audit,audit,29,1,finetuning,min_k,variety,venezuela,7,4,3,True,,,,,,,,,,,,,,,,,,,,,,,,,,,,,
pilot_training_exposure_pan17,e990d27fca627e70,pan17_multilingual,qwen3_4b,balanced,balanced_audit,audit,29,1,finetuning,min_k,gender_language,G0|ar,50,25,25,True,,,,,,,,,,,,,,,,,,,,,,,,,,,,,
pilot_training_exposure_pan17,e990d27fca627e70,pan17_multilingual,qwen3_4b,balanced,balanced_audit,audit,29,1,finetuning,min_k,gender_language,G0|en,50,25,25,True,,,,,,,,,,,,,,,,,,,,,,,,,,,,,
pilot_training_exposure_pan17,e990d27fca627e70,pan17_multilingual,qwen3_4b,balanced,balanced_audit,audit,29,1,finetuning,min_k,gender_language,G0|es,50,25,25,True,,,,,,,,,,,,,,,,,,,,,,,,,,,,,
pilot_training_exposure_pan17,e990d27fca627e70,pan17_multilingual,qwen3_4b,balanced,balanced_audit,audit,29,1,finetuning,min_k,gender_language,G0|pt,50,25,25,True,,,,,,,,,,,,,,,,,,,,,,,,,,,,,
pilot_training_exposure_pan17,e990d27fca627e70,pan17_multilingual,qwen3_4b,balanced,balanced_audit,audit,29,1,finetuning,min_k,gender_language,G1|ar,50,25,25,True,,,,,,,,,,,,,,,,,,,,,,,,,,,,,
pilot_training_exposure_pan17,e990d27fca627e70,pan17_multilingual,qwen3_4b,balanced,balanced_audit,audit,29,1,finetuning,min_k,gender_language,G1|en,50,25,25,True,,,,,,,,,,,,,,,,,,,,,,,,,,,,,
pilot_training_exposure_pan17,e990d27fca627e70,pan17_multilingual,qwen3_4b,balanced,balanced_audit,audit,29,1,finetuning,min_k,gender_language,G1|es,50,25,25,True,,,,,,,,,,,,,,,,,,,,,,,,,,,,,
pilot_training_exposure_pan17,e990d27fca627e70,pan17_multilingual,qwen3_4b,balanced,balanced_audit,audit,29,1,finetuning,min_k,gender_language,G1|pt,50,25,25,True,,,,,,,,,,,,,,,,,,,,,,,,,,,,,
pilot_training_exposure_pan17,e990d27fca627e70,pan17_multilingual,qwen3_4b,balanced,balanced_audit,audit,29,1,finetuning,min_k,language_summary,summary:language,0,0,0,False,,,,,,,,,,,,,,,,,,,,,,,,,,0.5157,0.4812,0.0594,0.890122
pilot_training_exposure_pan17,e990d27fca627e70,pan17_multilingual,qwen3_4b,balanced,balanced_audit,audit,29,1,finetuning,min_k,gender_gap,gap:G0-G1,0,0,0,False,,,,,,,,,,,,,,,,,,,,,,,,,0.0424,0.5108,0.4896,0.0424,0.920301
pilot_training_exposure_pan17,e990d27fca627e70,pan17_multilingual,qwen3_4b,balanced,balanced_audit,audit,29,1,finetuning,reference,all,all,400,200,200,False,-0.01587017,calibration,0.5228,0.463164,0.57419,0.528647,0.01,0.02,0.06,0.91,0.925,0.985,0.5075,0.5075,0.5,0.504043,0.935,0.654991,0.028922,0.0456,0.322322,0.230627,3.49253,38.871306,,,,,
pilot_training_exposure_pan17,e990d27fca627e70,pan17_multilingual,qwen3_4b,balanced,balanced_audit,audit,29,1,finetuning,reference,gender,G0,200,100,100,False,0.02933363,calibration,0.5265,0.436981,0.592324,0.547219,0.03,0.03,0.11,0.84,0.92,0.96,0.52,0.52,0.5,0.513333,0.77,0.616,0.046188,0.053,0.320854,0.241256,3.469041,38.894208,,,,,
pilot_training_exposure_pan17,e990d27fca627e70,pan17_multilingual,qwen3_4b,balanced,balanced_audit,audit,29,1,finetuning,reference,gender,G1,200,100,100,False,0.22450402,calibration,0.5171,0.433299,0.584426,0.511684,0.0,0.0,0.03,0.91,0.92,0.99,0.5,0.5,0.5,0.0,0.0,0.0,0.0,0.0342,0.325578,0.251106,3.516019,38.848404,,,,,
pilot_training_exposure_pan17,e990d27fca627e70,pan17_multilingual,qwen3_4b,balanced,balanced_audit,audit,29,1,finetuning,reference,language,ar,100,50,50,False,0.01869439,calibration,0.4632,0.340686,0.550235,0.514262,0.02,0.02,0.1,0.88,0.98,0.98,0.46,0.46,0.5,0.467742,0.58,0.517857,-0.082409,-0.0736,0.353603,0.292121,3.32566,39.125171,,,,,
pilot_training_exposure_pan17,e990d27fca627e70,pan17_multilingual,qwen3_4b,balanced,balanced_audit,audit,29,1,finetuning,reference,language,en,100,50,50,False,0.01860619,calibration,0.5208,0.415865,0.640808,0.54608,0.04,0.04,0.08,0.84,0.9,0.94,0.54,0.54,0.5,0.52381,0.88,0.656716,0.109109,0.0416,0.324512,0.242424,3.706958,44.635836,,,,,
pilot_training_exposure_pan17,e990d27fca627e70,pan17_multilingual,qwen3_4b,balanced,balanced_audit,audit,29,1,finetuning,reference,language,es,100,50,50,False,0.06889823,calibration,0.6312,0.543478,0.731187,0.598985,0.02,0.02,0.06,0.84,0.88,0.96,0.58,0.58,0.5,0.595238,0.5,0.543478,0.162088,0.2624,0.268754,0.18202,3.478172,35.403053,,,,,
pilot_training_exposure_pan17,e990d27fca627e70,pan17_multilingual,qwen3_4b,balanced,balanced_audit,audit,29,1,finetuning,reference,language,pt,100,50,50,False,0.15149211,calibration,0.4748,0.336851,0.579327,0.502278,0.02,0.02,0.04,0.86,0.96,0.96,0.5,0.5,0.5,0.5,0.02,0.038462,0.0,-0.0504,0.347744,0.282424,3.45933,36.321164,,,,,
pilot_training_exposure_pan17,e990d27fca627e70,pan17_multilingual,qwen3_4b,balanced,balanced_audit,audit,29,1,finetuning,reference,variety,argentina,16,8,8,True,,,,,,,,,,,,,,,,,,,,,,,,,,,,,
pilot_training_exposure_pan17,e990d27fca627e70,pan17_multilingual,qwen3_4b,balanced,balanced_audit,audit,29,1,finetuning,reference,variety,australia,16,6,10,True,,,,,,,,,,,,,,,,,,,,,,,,,,,,,
pilot_training_exposure_pan17,e990d27fca627e70,pan17_multilingual,qwen3_4b,balanced,balanced_audit,audit,29,1,finetuning,reference,variety,brazil,56,29,27,True,,,,,,,,,,,,,,,,,,,,,,,,,,,,,
pilot_training_exposure_pan17,e990d27fca627e70,pan17_multilingual,qwen3_4b,balanced,balanced_audit,audit,29,1,finetuning,reference,variety,canada,20,10,10,True,,,,,,,,,,,,,,,,,,,,,,,,,,,,,
pilot_training_exposure_pan17,e990d27fca627e70,pan17_multilingual,qwen3_4b,balanced,balanced_audit,audit,29,1,finetuning,reference,variety,chile,16,6,10,True,,,,,,,,,,,,,,,,,,,,,,,,,,,,,
pilot_training_exposure_pan17,e990d27fca627e70,pan17_multilingual,qwen3_4b,balanced,balanced_audit,audit,29,1,finetuning,reference,variety,colombia,10,8,2,True,,,,,,,,,,,,,,,,,,,,,,,,,,,,,
pilot_training_exposure_pan17,e990d27fca627e70,pan17_multilingual,qwen3_4b,balanced,balanced_audit,audit,29,1,finetuning,reference,variety,egypt,26,11,15,True,,,,,,,,,,,,,,,,,,,,,,,,,,,,,
pilot_training_exposure_pan17,e990d27fca627e70,pan17_multilingual,qwen3_4b,balanced,balanced_audit,audit,29,1,finetuning,reference,variety,great britain,23,8,15,True,,,,,,,,,,,,,,,,,,,,,,,,,,,,,
pilot_training_exposure_pan17,e990d27fca627e70,pan17_multilingual,qwen3_4b,balanced,balanced_audit,audit,29,1,finetuning,reference,variety,gulf,28,14,14,True,,,,,,,,,,,,,,,,,,,,,,,,,,,,,
pilot_training_exposure_pan17,e990d27fca627e70,pan17_multilingual,qwen3_4b,balanced,balanced_audit,audit,29,1,finetuning,reference,variety,ireland,17,13,4,True,,,,,,,,,,,,,,,,,,,,,,,,,,,,,
pilot_training_exposure_pan17,e990d27fca627e70,pan17_multilingual,qwen3_4b,balanced,balanced_audit,audit,29,1,finetuning,reference,variety,levantine,25,12,13,True,,,,,,,,,,,,,,,,,,,,,,,,,,,,,
pilot_training_exposure_pan17,e990d27fca627e70,pan17_multilingual,qwen3_4b,balanced,balanced_audit,audit,29,1,finetuning,reference,variety,maghrebi,21,13,8,True,,,,,,,,,,,,,,,,,,,,,,,,,,,,,
pilot_training_exposure_pan17,e990d27fca627e70,pan17_multilingual,qwen3_4b,balanced,balanced_audit,audit,29,1,finetuning,reference,variety,mexico,16,8,8,True,,,,,,,,,,,,,,,,,,,,,,,,,,,,,
pilot_training_exposure_pan17,e990d27fca627e70,pan17_multilingual,qwen3_4b,balanced,balanced_audit,audit,29,1,finetuning,reference,variety,new zealand,15,10,5,True,,,,,,,,,,,,,,,,,,,,,,,,,,,,,
pilot_training_exposure_pan17,e990d27fca627e70,pan17_multilingual,qwen3_4b,balanced,balanced_audit,audit,29,1,finetuning,reference,variety,peru,14,9,5,True,,,,,,,,,,,,,,,,,,,,,,,,,,,,,
pilot_training_exposure_pan17,e990d27fca627e70,pan17_multilingual,qwen3_4b,balanced,balanced_audit,audit,29,1,finetuning,reference,variety,portugal,44,21,23,True,,,,,,,,,,,,,,,,,,,,,,,,,,,,,
pilot_training_exposure_pan17,e990d27fca627e70,pan17_multilingual,qwen3_4b,balanced,balanced_audit,audit,29,1,finetuning,reference,variety,spain,21,7,14,True,,,,,,,,,,,,,,,,,,,,,,,,,,,,,
pilot_training_exposure_pan17,e990d27fca627e70,pan17_multilingual,qwen3_4b,balanced,balanced_audit,audit,29,1,finetuning,reference,variety,united states,9,3,6,True,,,,,,,,,,,,,,,,,,,,,,,,,,,,,
pilot_training_exposure_pan17,e990d27fca627e70,pan17_multilingual,qwen3_4b,balanced,balanced_audit,audit,29,1,finetuning,reference,variety,venezuela,7,4,3,True,,,,,,,,,,,,,,,,,,,,,,,,,,,,,
pilot_training_exposure_pan17,e990d27fca627e70,pan17_multilingual,qwen3_4b,balanced,balanced_audit,audit,29,1,finetuning,reference,gender_language,G0|ar,50,25,25,True,,,,,,,,,,,,,,,,,,,,,,,,,,,,,
pilot_training_exposure_pan17,e990d27fca627e70,pan17_multilingual,qwen3_4b,balanced,balanced_audit,audit,29,1,finetuning,reference,gender_language,G0|en,50,25,25,True,,,,,,,,,,,,,,,,,,,,,,,,,,,,,
pilot_training_exposure_pan17,e990d27fca627e70,pan17_multilingual,qwen3_4b,balanced,balanced_audit,audit,29,1,finetuning,reference,gender_language,G0|es,50,25,25,True,,,,,,,,,,,,,,,,,,,,,,,,,,,,,
pilot_training_exposure_pan17,e990d27fca627e70,pan17_multilingual,qwen3_4b,balanced,balanced_audit,audit,29,1,finetuning,reference,gender_language,G0|pt,50,25,25,True,,,,,,,,,,,,,,,,,,,,,,,,,,,,,
pilot_training_exposure_pan17,e990d27fca627e70,pan17_multilingual,qwen3_4b,balanced,balanced_audit,audit,29,1,finetuning,reference,gender_language,G1|ar,50,25,25,True,,,,,,,,,,,,,,,,,,,,,,,,,,,,,
pilot_training_exposure_pan17,e990d27fca627e70,pan17_multilingual,qwen3_4b,balanced,balanced_audit,audit,29,1,finetuning,reference,gender_language,G1|en,50,25,25,True,,,,,,,,,,,,,,,,,,,,,,,,,,,,,
pilot_training_exposure_pan17,e990d27fca627e70,pan17_multilingual,qwen3_4b,balanced,balanced_audit,audit,29,1,finetuning,reference,gender_language,G1|es,50,25,25,True,,,,,,,,,,,,,,,,,,,,,,,,,,,,,
pilot_training_exposure_pan17,e990d27fca627e70,pan17_multilingual,qwen3_4b,balanced,balanced_audit,audit,29,1,finetuning,reference,gender_language,G1|pt,50,25,25,True,,,,,,,,,,,,,,,,,,,,,,,,,,,,,
pilot_training_exposure_pan17,e990d27fca627e70,pan17_multilingual,qwen3_4b,balanced,balanced_audit,audit,29,1,finetuning,reference,language_summary,summary:language,0,0,0,False,,,,,,,,,,,,,,,,,,,,,,,,,,0.5225,0.4632,0.168,0.73384
pilot_training_exposure_pan17,e990d27fca627e70,pan17_multilingual,qwen3_4b,balanced,balanced_audit,audit,29,1,finetuning,reference,gender_gap,gap:G0-G1,0,0,0,False,,,,,,,,,,,,,,,,,,,,,,,,,0.0094,0.5218,0.5171,0.0094,0.982146
pilot_training_exposure_pan17,e990d27fca627e70,pan17_multilingual,qwen3_4b,balanced,balanced_audit,audit,29,1,finetuning,zlib,all,all,400,200,200,False,-0.00625771,calibration,0.5333,0.478153,0.590667,0.52598,0.0,0.015,0.05,0.895,0.93,0.965,0.5075,0.5075,0.5,0.526316,0.15,0.233463,0.021455,0.0666,0.317059,0.235627,3.49253,38.871306,,,,,
pilot_training_exposure_pan17,e990d27fca627e70,pan17_multilingual,qwen3_4b,balanced,balanced_audit,audit,29,1,finetuning,zlib,gender,G0,200,100,100,False,-0.00606866,calibration,0.5472,0.444916,0.642828,0.537797,0.02,0.02,0.08,0.89,0.89,0.97,0.505,0.505,0.5,0.521739,0.12,0.195122,0.015673,0.0944,0.310452,0.221206,3.469041,38.894208,,,,,
pilot_training_exposure_pan17,e990d27fca627e70,pan17_multilingual,qwen3_4b,balanced,balanced_audit,audit,29,1,finetuning,zlib,gender,G1,200,100,100,False,-0.01052571,calibration,0.522,0.448518,0.598053,0.528705,0.0,0.0,0.03,0.91,0.96,0.99,0.5,0.5,0.5,0.5,1.0,0.666667,0.0,0.044,0.323116,0.241206,3.516019,38.848404,,,,,
pilot_training_exposure_pan17,e990d27fca627e70,pan17_multilingual,qwen3_4b,balanced,balanced_audit,audit,29,1,finetuning,zlib,language,ar,100,50,50,False,-0.00775214,calibration,0.5708,0.457255,0.69697,0.542854,0.0,0.0,0.06,0.8,0.88,0.94,0.58,0.58,0.5,0.560606,0.74,0.637931,0.16888,0.1416,0.299259,0.262222,3.32566,39.125171,,,,,
pilot_training_exposure_pan17,e990d27fca627e70,pan17_multilingual,qwen3_4b,balanced,balanced_audit,audit,29,1,finetuning,zlib,language,en,100,50,50,False,-0.00562248,calibration,0.5448,0.39372,0.636655,0.537613,0.0,0.0,0.02,0.82,0.96,0.98,0.5,0.5,0.5,0.5,0.02,0.038462,0.0,0.0896,0.312391,0.252525,3.706958,44.635836,,,,,
pilot_training_exposure_pan17,e990d27fca627e70,pan17_multilingual,qwen3_4b,balanced,balanced_audit,audit,29,1,finetuning,zlib,language,es,100,50,50,False,-0.00606177,calibration,0.5444,0.425106,0.618615,0.583765,0.06,0.06,0.08,0.88,0.92,0.96,0.53,0.53,0.5,0.8,0.08,0.145455,0.137649,0.0888,0.312593,0.242424,3.478172,35.403053,,,,,
pilot_training_exposure_pan17,e990d27fca627e70,pan17_multilingual,qwen3_4b,balanced,balanced_audit,audit,29,1,finetuning,zlib,language,pt,100,50,50,False,-0.00638012,calibration,0.4612,0.354771,0.5626,0.483034,0.0,0.0,0.02,0.92,0.96,0.98,0.48,0.48,0.5,0.416667,0.1,0.16129,-0.061546,-0.0776,0.354613,0.312323,3.45933,36.321164,,,,,
pilot_training_exposure_pan17,e990d27fca627e70,pan17_multilingual,qwen3_4b,balanced,balanced_audit,audit,29,1,finetuning,zlib,variety,argentina,16,8,8,True,,,,,,,,,,,,,,,,,,,,,,,,,,,,,
pilot_training_exposure_pan17,e990d27fca627e70,pan17_multilingual,qwen3_4b,balanced,balanced_audit,audit,29,1,finetuning,zlib,variety,australia,16,6,10,True,,,,,,,,,,,,,,,,,,,,,,,,,,,,,
pilot_training_exposure_pan17,e990d27fca627e70,pan17_multilingual,qwen3_4b,balanced,balanced_audit,audit,29,1,finetuning,zlib,variety,brazil,56,29,27,True,,,,,,,,,,,,,,,,,,,,,,,,,,,,,
pilot_training_exposure_pan17,e990d27fca627e70,pan17_multilingual,qwen3_4b,balanced,balanced_audit,audit,29,1,finetuning,zlib,variety,canada,20,10,10,True,,,,,,,,,,,,,,,,,,,,,,,,,,,,,
pilot_training_exposure_pan17,e990d27fca627e70,pan17_multilingual,qwen3_4b,balanced,balanced_audit,audit,29,1,finetuning,zlib,variety,chile,16,6,10,True,,,,,,,,,,,,,,,,,,,,,,,,,,,,,
pilot_training_exposure_pan17,e990d27fca627e70,pan17_multilingual,qwen3_4b,balanced,balanced_audit,audit,29,1,finetuning,zlib,variety,colombia,10,8,2,True,,,,,,,,,,,,,,,,,,,,,,,,,,,,,
pilot_training_exposure_pan17,e990d27fca627e70,pan17_multilingual,qwen3_4b,balanced,balanced_audit,audit,29,1,finetuning,zlib,variety,egypt,26,11,15,True,,,,,,,,,,,,,,,,,,,,,,,,,,,,,
pilot_training_exposure_pan17,e990d27fca627e70,pan17_multilingual,qwen3_4b,balanced,balanced_audit,audit,29,1,finetuning,zlib,variety,great britain,23,8,15,True,,,,,,,,,,,,,,,,,,,,,,,,,,,,,
pilot_training_exposure_pan17,e990d27fca627e70,pan17_multilingual,qwen3_4b,balanced,balanced_audit,audit,29,1,finetuning,zlib,variety,gulf,28,14,14,True,,,,,,,,,,,,,,,,,,,,,,,,,,,,,
pilot_training_exposure_pan17,e990d27fca627e70,pan17_multilingual,qwen3_4b,balanced,balanced_audit,audit,29,1,finetuning,zlib,variety,ireland,17,13,4,True,,,,,,,,,,,,,,,,,,,,,,,,,,,,,
pilot_training_exposure_pan17,e990d27fca627e70,pan17_multilingual,qwen3_4b,balanced,balanced_audit,audit,29,1,finetuning,zlib,variety,levantine,25,12,13,True,,,,,,,,,,,,,,,,,,,,,,,,,,,,,
pilot_training_exposure_pan17,e990d27fca627e70,pan17_multilingual,qwen3_4b,balanced,balanced_audit,audit,29,1,finetuning,zlib,variety,maghrebi,21,13,8,True,,,,,,,,,,,,,,,,,,,,,,,,,,,,,
pilot_training_exposure_pan17,e990d27fca627e70,pan17_multilingual,qwen3_4b,balanced,balanced_audit,audit,29,1,finetuning,zlib,variety,mexico,16,8,8,True,,,,,,,,,,,,,,,,,,,,,,,,,,,,,
pilot_training_exposure_pan17,e990d27fca627e70,pan17_multilingual,qwen3_4b,balanced,balanced_audit,audit,29,1,finetuning,zlib,variety,new zealand,15,10,5,True,,,,,,,,,,,,,,,,,,,,,,,,,,,,,
pilot_training_exposure_pan17,e990d27fca627e70,pan17_multilingual,qwen3_4b,balanced,balanced_audit,audit,29,1,finetuning,zlib,variety,peru,14,9,5,True,,,,,,,,,,,,,,,,,,,,,,,,,,,,,
pilot_training_exposure_pan17,e990d27fca627e70,pan17_multilingual,qwen3_4b,balanced,balanced_audit,audit,29,1,finetuning,zlib,variety,portugal,44,21,23,True,,,,,,,,,,,,,,,,,,,,,,,,,,,,,
pilot_training_exposure_pan17,e990d27fca627e70,pan17_multilingual,qwen3_4b,balanced,balanced_audit,audit,29,1,finetuning,zlib,variety,spain,21,7,14,True,,,,,,,,,,,,,,,,,,,,,,,,,,,,,
pilot_training_exposure_pan17,e990d27fca627e70,pan17_multilingual,qwen3_4b,balanced,balanced_audit,audit,29,1,finetuning,zlib,variety,united states,9,3,6,True,,,,,,,,,,,,,,,,,,,,,,,,,,,,,
pilot_training_exposure_pan17,e990d27fca627e70,pan17_multilingual,qwen3_4b,balanced,balanced_audit,audit,29,1,finetuning,zlib,variety,venezuela,7,4,3,True,,,,,,,,,,,,,,,,,,,,,,,,,,,,,
pilot_training_exposure_pan17,e990d27fca627e70,pan17_multilingual,qwen3_4b,balanced,balanced_audit,audit,29,1,finetuning,zlib,gender_language,G0|ar,50,25,25,True,,,,,,,,,,,,,,,,,,,,,,,,,,,,,
pilot_training_exposure_pan17,e990d27fca627e70,pan17_multilingual,qwen3_4b,balanced,balanced_audit,audit,29,1,finetuning,zlib,gender_language,G0|en,50,25,25,True,,,,,,,,,,,,,,,,,,,,,,,,,,,,,
pilot_training_exposure_pan17,e990d27fca627e70,pan17_multilingual,qwen3_4b,balanced,balanced_audit,audit,29,1,finetuning,zlib,gender_language,G0|es,50,25,25,True,,,,,,,,,,,,,,,,,,,,,,,,,,,,,
pilot_training_exposure_pan17,e990d27fca627e70,pan17_multilingual,qwen3_4b,balanced,balanced_audit,audit,29,1,finetuning,zlib,gender_language,G0|pt,50,25,25,True,,,,,,,,,,,,,,,,,,,,,,,,,,,,,
pilot_training_exposure_pan17,e990d27fca627e70,pan17_multilingual,qwen3_4b,balanced,balanced_audit,audit,29,1,finetuning,zlib,gender_language,G1|ar,50,25,25,True,,,,,,,,,,,,,,,,,,,,,,,,,,,,,
pilot_training_exposure_pan17,e990d27fca627e70,pan17_multilingual,qwen3_4b,balanced,balanced_audit,audit,29,1,finetuning,zlib,gender_language,G1|en,50,25,25,True,,,,,,,,,,,,,,,,,,,,,,,,,,,,,
pilot_training_exposure_pan17,e990d27fca627e70,pan17_multilingual,qwen3_4b,balanced,balanced_audit,audit,29,1,finetuning,zlib,gender_language,G1|es,50,25,25,True,,,,,,,,,,,,,,,,,,,,,,,,,,,,,
pilot_training_exposure_pan17,e990d27fca627e70,pan17_multilingual,qwen3_4b,balanced,balanced_audit,audit,29,1,finetuning,zlib,gender_language,G1|pt,50,25,25,True,,,,,,,,,,,,,,,,,,,,,,,,,,,,,
pilot_training_exposure_pan17,e990d27fca627e70,pan17_multilingual,qwen3_4b,balanced,balanced_audit,audit,29,1,finetuning,zlib,language_summary,summary:language,0,0,0,False,,,,,,,,,,,,,,,,,,,,,,,,,,0.5303,0.4612,0.1096,0.807989
pilot_training_exposure_pan17,e990d27fca627e70,pan17_multilingual,qwen3_4b,balanced,balanced_audit,audit,29,1,finetuning,zlib,gender_gap,gap:G0-G1,0,0,0,False,,,,,,,,,,,,,,,,,,,,,,,,,0.0252,0.5346,0.522,0.0252,0.953947
